entry_date,joy,sadness,anger,fear,surprise,disgust
2026-03-01,0.62,0.15,0.05,0.10,0.05,0.03
2026-03-02,0.20,0.35,0.10,0.25,0.05,0.05
2026-03-03,0.10,0.30,0.40,0.15,0.03,0.02
2026-03-04,0.75,0.05,0.05,0.05,0.08,0.02
2026-03-05,0.25,0.40,0.10,0.15,0.05,0.05
2026-03-06,0.80,0.05,0.02,0.05,0.06,0.02
2026-03-07,0.65,0.10,0.05,0.10,0.05,0.05
2026-03-08,0.85,0.05,0.02,0.03,0.03,0.02
2026-03-09,0.45,0.20,0.05,0.25,0.03,0.02
2026-03-10,0.70,0.10,0.05,0.10,0.03,0.02
2026-03-11,0.10,0.50,0.15,0.20,0.03,0.02
2026-03-12,0.15,0.40,0.10,0.30,0.03,0.02
2026-03-13,0.60,0.15,0.05,0.15,0.03,0.02
2026-03-14,0.78,0.08,0.02,0.05,0.05,0.02
2026-03-15,0.35,0.35,0.10,0.15,0.03,0.02
2026-03-16,0.20,0.45,0.10,0.20,0.03,0.02
2026-03-17,0.72,0.05,0.03,0.10,0.08,0.02
2026-03-18,0.20,0.30,0.15,0.30,0.03,0.02
2026-03-19,0.82,0.05,0.02,0.05,0.04,0.02
2026-03-20,0.70,0.10,0.05,0.10,0.03,0.02
2026-03-21,0.75,0.08,0.03,0.08,0.04,0.02
2026-03-22,0.80,0.05,0.02,0.08,0.03,0.02
2026-03-23,0.25,0.35,0.15,0.20,0.03,0.02
2026-03-24,0.10,0.40,0.15,0.30,0.03,0.02
2026-03-25,0.18,0.45,0.15,0.18,0.02,0.02
2026-03-26,0.78,0.05,0.02,0.10,0.03,0.02
2026-03-27,0.75,0.08,0.03,0.10,0.02,0.02
2026-03-28,0.88,0.03,0.02,0.03,0.02,0.02
2026-03-29,0.30,0.40,0.10,0.15,0.03,0.02
2026-03-30,0.68,0.12,0.05,0.10,0.03,0.02
